,eff_double_400-no_cue_400,eff_valid_400-double_400,eff_invalid_400-double_400,vif_double_400-no_cue_400,vif_valid_400-double_400,vif_invalid_400-double_400,scan_length,kao_measure,prob_runs_gte_2,run_num_diff_from_avg,prob_next_given_last1,prob_next_given_last2,sum_abs_diff_prob_next_given_last1,sum_abs_diff_prob_next_given_last2
49965,8.642111432843372,7.508797613219427,3.8617891755503098,1.0675594763768457,1.0836550258816462,1.0539851227487678,704.4295658464171,75.70833333333333,0.2857142857142857,17.6224,0.3703703703703703,0.5833333333333334,0.4821874235104769,5.645574586326693
12560,8.870561219716969,8.311247857581463,3.781257334385037,1.0750301591615543,1.0872424809255974,1.089123827630894,696.6900153296303,75.0,0.3112582781456954,17.465599999999995,0.3888888888888889,0.5,0.3529933196650832,6.573969797408362
94166,9.329908777549385,7.629210434193653,3.476500855265665,1.0638706714645585,1.0936429620426125,1.0782101920210407,699.9325033286211,75.55555555555556,0.2733333333333333,20.290400000000005,0.3888888888888889,0.6,0.32880973455301,5.901003615296479
47866,9.313343570285438,7.406241752437008,3.476254656458957,1.0616946087183758,1.0560526532024883,1.0421491797158011,703.3719053165897,66.6527777777778,0.2468354430379746,18.133199999999988,0.3703703703703703,0.5,0.3152200331533674,5.091585122533063
69789,8.733450307333198,7.428345020646374,3.438794743215068,1.0764786429148678,1.0936905782835515,1.0875367421979565,705.6108201523529,88.55555555555556,0.3199999999999999,20.99640000000001,0.3888888888888889,0.5714285714285714,0.3937580002788385,5.856629814600625
