,eff_double_400-no_cue_400,eff_valid_400-double_400,eff_invalid_400-double_400,eff_all_task,vif_double_400-no_cue_400,vif_valid_400-double_400,vif_invalid_400-double_400,vif_all_task,scan_length,kao_measure,prob_runs_gte_2,run_num_diff_from_avg,prob_next_given_last1,prob_next_given_last2,sum_abs_diff_prob_next_given_last1,sum_abs_diff_prob_next_given_last2
96225,8.575103782642755,7.746081067602395,3.821999554867468,4.528832033860473,0.8049682106347289,0.8376089119457744,1.0212599969911342,8.99703367845856,697.4112278747444,88.79166666666666,0.3092105263157895,18.805,0.3888888888888889,0.6,0.4387137860801041,5.343613351554372
4994,8.58230771946314,7.413046382389927,3.5418462613003507,4.29515706559266,0.8039766223059053,0.8256312823743192,1.095486225168009,9.170992689534971,696.0794824741249,78.93055555555557,0.2709677419354838,18.5696,0.3703703703703703,0.6666666666666666,0.3991284044362606,6.81181659051158
13897,9.140334828990536,7.498444971554295,3.4026170381646565,4.347941659302655,0.7738438799989007,0.8237454662829505,1.1280048063080952,9.095302392276276,695.700576640212,74.83333333333334,0.2516129032258064,24.682800000000007,0.3962264150943396,0.6,0.4345809020840862,5.745693174590302
70249,8.757832253913723,7.719911926307239,3.3484475047497253,4.402696135494281,0.7919285922255535,0.7984896311752423,1.1529519413016784,9.108890205447118,691.169907646352,83.66666666666666,0.2774193548387096,18.2814,0.3888888888888889,0.5714285714285714,0.5145918629719084,5.604471569675477
41806,8.823882084354812,8.339100247057077,3.666405303373354,4.671846557919042,0.7993085318760086,0.8176174898259486,1.171821005949466,9.05787194472924,697.195366758253,81.26388888888889,0.2953020134228188,24.6662,0.3888888888888889,0.5,0.4401750974788761,6.591354321789314
98455,8.455644644067483,7.40034360283818,3.392804517691581,4.486076686307745,0.7811586057736446,0.8335460288137226,1.1364015400568943,8.915718133744255,696.9245574279529,87.0,0.24375,17.330199999999998,0.3943661971830985,0.6,0.4330192572847465,5.655459018729809
45980,8.786433355955586,8.336602876884752,3.4441243500606635,4.462469080027918,0.7784060268843391,0.8208670091881395,1.168559859299889,9.004792035447366,696.9941759328357,88.13888888888889,0.2792207792207792,22.1186,0.3888888888888889,0.6666666666666666,0.6380428413094772,6.580952643034361
