,eff_stop,eff_go,eff_stop-go,eff_task,vif_stop,vif_go,vif_stop-go,vif_task,scan_length,kao_measure,prob_runs_gte_2,run_num_diff_from_avg,prob_next_given_last1,prob_next_given_last2,sum_abs_diff_prob_next_given_last1,sum_abs_diff_prob_next_given_last2
71618,2.6450094808526123,2.761592397440395,4.484904707151494,3.1811912256659074,2.115810437669788,2.5773177549407573,0.7144411587467485,3.978687033863797,496.857090055381,14.22222222222222,0.5125,14.024400000000004,0.6666666666666666,0.7,0.0257630492520835,0.0782249401343455
5189,2.509746419078367,2.690352470697344,4.637936788432137,3.019603662201798,2.353565771359786,2.62782980606686,0.6989456420206824,4.282449935405964,494.3232505508548,19.1111111111111,0.5063291139240506,17.882399999999993,0.6722689075630253,0.7142857142857143,0.0751905479195729,0.266709326090383
38730,2.5598776445919262,2.7707833483967685,4.6337021110458965,3.1072915623184696,2.2554648345481167,2.669912920000791,0.7120225054455905,4.2133552491033175,495.1070130608168,14.222222222222236,0.5324675324675325,14.1114,0.675,0.7105263157894737,0.0964963905853254,0.2478266047612856
47662,2.2243646215920654,2.975199307423046,4.454154256855946,2.9698981720023494,2.3272433695089934,2.695683691141866,0.703539951810849,4.31938710884001,486.0877476582803,11.777777777777771,0.4999999999999999,16.1978,0.6666666666666666,0.7,0.0343136362966171,0.1698256493138822
80980,2.334578668797426,2.9174287605063984,4.656829051934731,3.0132226282186747,2.324339707574792,2.669356956409482,0.6884554682553902,4.305241195728883,496.71157923373886,14.88888888888888,0.4938271604938271,13.658800000000005,0.6779661016949152,0.6842105263157895,0.0067943761293802,0.1470939736303748
33145,2.6691101817666403,2.6658146488036194,4.725554202244018,3.1057402705046857,2.2242061315763,2.628417520188095,0.6908491703235393,4.161774481440856,493.2344182004124,19.1111111111111,0.5,10.9506,0.6666666666666666,0.675,0.0290297429093057,0.1845636939877111
10233,2.419774240670928,2.813244452561643,4.535832277380593,3.037252783136025,2.278126606449798,2.6324579135518045,0.7037744240612643,4.206810095940339,497.24440887209096,16.22222222222222,0.5316455696202531,16.0688,0.6722689075630253,0.7142857142857143,0.0751905479195729,0.1656014834200807
