,eff_stop,eff_go,eff_stop-go,eff_task,vif_stop,vif_go,vif_stop-go,vif_task,scan_length,kao_measure,prob_runs_gte_2,run_num_diff_from_avg,prob_next_given_last1,prob_next_given_last2,sum_abs_diff_prob_next_given_last1,sum_abs_diff_prob_next_given_last2
11877,2.6787103941677577,2.808650480896184,4.514134424971093,3.233140268630729,2.3316730518493145,2.9197427800981437,1.0955425298212755,4.566932114756098,502.732728640539,12.0,0.4875,16.617200000000004,0.6666666666666666,0.7,0.0281175161886573,0.3401574047331771
42475,2.5442147110349813,3.024063290887148,4.7277784133941445,3.236394786076044,2.491857224430493,2.942511971187665,1.0675239559873435,4.531010064424065,502.12345504812,16.0,0.4875,16.387800000000002,0.6666666666666666,0.675,0.02915021524399,0.2630556842353253
98988,2.5828932359588697,2.7659311175900023,4.517495425629252,3.1346791245046943,2.4752627628018566,2.9884791199007728,1.074199102810976,4.71168117236328,506.53859468541486,13.55555555555555,0.5,11.4444,0.6666666666666666,0.6923076923076923,0.030469628199454,0.1997226502941746
67187,2.5496149971021245,3.0709194630658203,4.600420530708228,3.2831787537522006,2.4853247287959546,2.9040864322660163,1.0512458440541737,4.660530524970734,506.9268467403627,12.2222222222222,0.4938271604938271,12.077200000000005,0.6666666666666666,0.675,0.0285258495219961,0.24164058749163
86074,2.5036489189961726,3.0577358053649784,4.631655232164436,3.233610775118588,2.463557843373306,3.027537433019369,1.0795166147585709,4.457775463068422,503.551384823588,18.0,0.4814814814814814,15.0976,0.6666666666666666,0.7,0.030469628199454,0.3395441432578499
