,eff_conj-feat,eff_conj_high-conj_low,eff_all_task,vif_conj-feat,vif_conj_high-conj_low,vif_all_task,scan_length,kao_measure,prob_runs_gte_2,run_num_diff_from_avg,prob_next_given_last1,prob_next_given_last2,sum_abs_diff_prob_next_given_last1,sum_abs_diff_prob_next_given_last2
22437,11.641971632154776,5.899146017668143,4.556897105816181,0.8552971687697647,0.8541533152084491,8.729106523938308,623.4927635411696,87.625,0.2432432432432432,20.690999999999992,0.3125,0.4615384615384615,0.3375138120567469,4.773213483738475
10600,12.55171476181847,6.6825766703683,4.540478374428703,0.8463441254883218,0.8443148626515037,9.297375012230455,623.4201027279634,82.25,0.2746478873239436,21.747800000000005,0.3125,0.5454545454545454,0.4795798936170178,6.379050763125758
71981,11.64195471059712,5.791065141135241,4.516985417092179,0.8451929209471116,0.8725199959566464,8.70581611710371,624.9079351662101,83.125,0.2147651006711409,19.105,0.3333333333333333,0.5,0.4892153368794321,5.129611217116202
88114,12.402543326043483,6.161432007309379,4.369282601786588,0.8224092977705447,0.8422079708798171,9.284560500066782,621.7487061627742,85.875,0.2517482517482518,21.7902,0.3333333333333333,0.5,0.4562740602836919,5.4676414041513866
61689,11.991810347266837,6.050455563777603,4.428451187037677,0.8258392494417479,0.8530195363094923,9.018461081463842,621.4792524676708,83.25,0.2727272727272727,19.956200000000003,0.3125,0.5,0.4558022517730549,5.617840920745917
53308,11.667947875476354,6.041854406959773,4.382231681258671,0.8535218984042486,0.8483960748362018,9.09969920315762,619.9069955075555,87.875,0.2413793103448276,16.5618,0.3333333333333333,0.5,0.5654394680850997,5.627724343989327
2591,11.84780990216961,6.195784642061412,4.341696112030455,0.849618056508455,0.8229252739053727,9.249087491148089,614.0851870492044,80.375,0.2275862068965517,15.1342,0.3191489361702128,0.5,0.522009468085106,4.5813688239538175
