,eff_conj-feat,eff_conj_high-conj_low,eff_all_task,vif_conj-feat,vif_conj_high-conj_low,vif_all_task,scan_length,kao_measure,prob_runs_gte_2,run_num_diff_from_avg,prob_next_given_last1,prob_next_given_last2,sum_abs_diff_prob_next_given_last1,sum_abs_diff_prob_next_given_last2
84709,11.552690603726642,5.997480971419007,4.523692566879848,1.0770531145273454,1.1065444356483245,2.7355106616848923,629.7575444809041,85.5,0.2344827586206896,20.9948,0.3125,0.4666666666666667,0.420996312056747,5.458489324009312
96680,11.41587428750564,6.146825964958068,4.630369007621267,1.0862926669498618,1.1139301093577436,2.7105745483441783,633.5039356278478,69.25,0.2657342657342657,22.3952,0.3125,0.5,0.4344080851063774,6.349330656565652
13448,12.721496827338036,5.755183156220324,4.521297666891755,1.0966270729116987,1.102535219034429,2.76139040337792,633.8329937690319,91.0,0.2553191489361702,22.040199999999995,0.3191489361702128,0.5,0.54750186170212,5.631776366966362
61658,12.716756872256129,6.05676591842525,4.592789700361207,1.0799675184669044,1.0711921547133023,2.6836256806602385,633.5105571713598,75.5,0.2857142857142857,19.684800000000006,0.2916666666666667,0.5,0.4980272517730323,6.1610612265512295
87903,11.986273816070856,5.721999780978415,4.627889938500918,1.0896936325909867,1.073663460146361,2.711771558213892,631.0844012238904,71.25,0.2413793103448276,13.9472,0.3125,0.4615384615384615,0.3164840602836878,5.278259592629592
